Activity ID,Activity Date,Activity Name,Activity Type,Elapsed Time,Distance,Relative Effort,Elapsed Time,Moving Time,Distance,Max Speed,Average Speed,Elevation Gain,Elevation Loss,Elevation Low,Elevation High,Max Grade,Average Grade,Average Heart Rate,Calories,Relative Effort,Grade Adjusted Distance,Weather Condition,Weather Temperature,Apparent Temperature,Dewpoint,Humidity,Weather Pressure,Wind Speed,Wind Gust,Wind Bearing,Precipitation Intensity,Gear,Precipitation Probability,Precipitation Type,Cloud Cover,Weather Visibility,UV Index,Weather Ozone
3655671360,2020-05-23,Evening Run,Run,1142,2.84,56,1142,1138,2841.699951,4.599999905,2.497100115,21.69845581,21.89845467,293.1000061,311.3999939,7.699999809,-0.007038041,169.8104095,191,56,2869.300049,,,,,,,,,,,,,,,,,
3655671313,2020-05-24,Evening Run,Run,1115,2.87,52,1115,1115,2878.899902,4.300000191,2.581973076,21.61533546,21.71533585,293.1000061,311.3999939,7.400000095,-0.003473549,167.9098206,183,52,2907.600098,,,,,,,,,,,,,,,,,
3655671211,2020-05-25,Morning Run,Run,789,2.06,28,789,785,2060.699951,4.099999905,2.625095606,17.40019608,17.80019569,293.1000061,310.7999878,9.199999809,-0.01941088,161.6042328,131,28,2082.399902,,,,,,,,,,,,,,,,,
3655671216,2020-05-26,Evening Run,Run,1121,2.87,56,1121,1113,2874,5.5,2.582210302,21.63979149,21.43979073,293.1000061,311.3999939,7.900000095,0.006958942,170.8625946,193,56,2903.5,,,,,,,,,,,,,,,,,
3655671112,2020-05-27,Evening Run,Run,1095,2.87,55,1095,1087,2877.600098,4.400000095,2.647286177,21.62615776,22.22615814,293.1000061,311.3999939,8.5,-0.020850709,170.953537,185,55,2904.600098,,,,,,,,,,,,,,,,,
3655671058,2020-05-28,Evening Run,Run,1077,2.87,51,1077,1077,2876.699951,4.800000191,2.67103076,21.59219742,21.89219856,293.1000061,311.3999939,7.300000191,-0.010428616,168.2076569,186,51,2904.600098,,,,,,,,,,,,,,,,,
3655671006,2020-05-30,Evening Run,Run,749,2.06,29,749,749,2068.800049,4.199999809,2.762082815,17.39494896,17.59494972,293.1000061,310.7999878,6.800000191,-0.00966744,163.2947998,129,29,2089.5,,,,,,,,,,,,,,,,,
3655670999,2020-06-01,Evening Run,Run,1038,2.86,56,1038,1031,2864.199951,4.5,2.77807951,21.51928139,21.61928177,293.1000061,311.3999939,8.300000191,-0.003491376,173.6287537,185,56,2891.300049,,,,,,,,,,,,,,,,,
3655670889,2020-06-02,Evening Run,Run,1140,3.05,66,1140,1140,3057.399902,4.400000095,2.681929827,34.63141251,34.93141556,284.7999878,308,10.19999981,-0.009812259,176.4420929,212,66,3108.600098,,,,,,,,,,,,,,,,,
3655670837,2020-06-03,Evening Run,Run,1196,3.02,51,1196,1193,3022.199951,3.900000095,2.533277512,34.60994339,34.40994263,284.7999878,308,8.899999619,0.006617696,166.8592529,199,51,3074.199951,,,,,,,,,,,,,,,,,
3655670771,2020-06-04,Evening Run,Run,1124,2.83,51,1124,1121,2829,4.5,2.523639679,21.57983208,21.77983284,293.1000061,311.3999939,6.699999809,-0.007069636,167.7457123,181,51,2856.5,,,,,,,,,,,,,,,,,
3655670675,2020-06-07,Evening Run,Run,1146,3.02,55,1146,1130,3028.800049,4.099999905,2.68035388,34.59125137,34.59125137,284.7999878,308,9.199999809,0,169.8126831,200,55,3079.899902,,,,,,,,,,,,,,,,,
3655670681,2020-06-08,Evening Run,Run,1171,3.1,55,1171,1166,3101.199951,4.199999809,2.659691334,34.57359695,34.47359467,284.7999878,308,7.599999905,0.003224558,168.3203735,208,55,3149.600098,,,,,,,,,,,,,,,,,
3655670634,2020-06-10,Evening Run,Run,1167,3.1,47,1167,1164,3099.600098,4,2.66288662,34.59802628,34.19802475,284.7999878,308,10.89999962,0.012904891,165.5963135,200,47,3150.399902,,,,,,,,,,,,,,,,,
3655670572,2020-06-12,Evening Run,Run,946,2.45,41,946,943,2457.199951,4.400000095,2.60572648,38.92974091,39.42974091,287.2999878,326.1000061,17.29999924,-0.020348364,165.858139,164,41,2532.100098,,,,,,,,,,,,,,,,,
3655670511,2020-06-14,Evening Run,Run,1195,3.12,36,1195,1192,3120.100098,4,2.617533445,34.6126976,34.51269913,284.7999878,308,7.400000095,0.003205026,157.9107513,203,36,3167.800049,,,,,,,,,,,,,,,,,
3655670570,2020-06-16,Evening Run,Run,1119,3.04,37,1119,1100,3044.899902,4.099999905,2.768090963,34.56710815,34.16711044,284.7999878,308,8,0.01313672,161.3352661,200,37,3094.600098,,,,,,,,,,,,,,,,,
3655670390,2020-06-18,Afternoon Walk,Walk,2554,3.8,10,2554,2554,3805.300049,2.599999905,1.489937305,37.11520767,35.21520615,289.7999878,318.2999878,18.89999962,0.04993036,117.5614319,218,10,,,,,,,,,,,,,,,,,,
3655670409,2020-06-18,Lunch Walk,Walk,2770,3.15,7,2770,2176,3151.5,2.5,1.448299646,34.7050209,36.80502319,290,318.2999878,10.10000038,-0.066634938,113.3360977,191,7,,,,,,,,,,,,,,,,,,
3655670444,2020-06-20,Afternoon Walk,Walk,5139,7.64,16,5139,5117,7641.799805,2.5,1.493414164,72.25442505,72.25442505,289.7999878,318.2999878,19,0,107.9927597,458,16,,,,,,,,,,,,,,,,,,
3655670101,2020-06-22,Evening Run,Run,1196,3.03,36,1196,1196,3032,3.799999952,2.535117149,34.62769699,34.42770004,284.7999878,308,8.100000381,0.006596306,158.682663,202,36,3080.800049,,,,,,,,,,,,,,,,,
3656311623,2020-06-22,Evening Walk,Walk,5129,6.67,14,5129,5050,6678.812988,2.599999905,1.322537303,73.50151825,70.00151825,289.7999878,318.2999878,17.70000076,0.05243367,105.7483139,574.4287109,14,,,,,,,,,,,,,,,,,,
3661635314,2020-06-23,Evening Run,Run,1093,3.04,58,1093,1078,3041.399902,4.199999809,2.821335793,30.87929344,31.5792942,284.7999878,308,23.79999924,-0.023015717,173.4234161,211,58,3092.399902,,,,,,,,,,,6421719,,,,,,
3666698399,2020-06-24,Evening Run,Run,1141,3.19,32,1141,1133,3192.699951,4.199999809,2.817917109,3.261333227,2.961333275,323.7000122,327.5,5.099999905,0.009396436,146.3877716,216,32,3198.899902,,,,,,,,,,,6421719,,,,,,
3675864173,2020-06-26,Evening Run,Run,1257,3.26,53,1257,1162,3259.899902,4.300000191,2.805421591,16.28523636,16.68523598,324.3999939,333.7000122,13.89999962,-0.012270315,167.5948944,219,53,3300.699951,,,,,,,,,,,6421719,,,,,,
3680836827,2020-06-27,Evening Run,Run,1270,3.61,72,1270,1254,3610.899902,4.5,2.879505634,15.91355133,16.61355209,323.8999939,333.7000122,14.10000038,-0.019385749,175.1504517,251,72,3645.199951,1,25.92000008,26.35000038,19.68000031,0.689999998,1005.599976,4.639999866,7.090000153,236,0,6421719,0,,0.270000011,16093,1,329
3690470781,2020-06-29,Evening Run,Run,1207,3.44,62,1207,1207,3445.899902,4.699999809,2.854929686,12.08216095,13.78216171,330.1000061,341.7999878,18.20000076,-0.04933399,171.4664917,227,62,3467.600098,2,27.15999985,27.78000069,16.79000092,0.529999971,1013.799988,2.880000114,4.889999866,26,0,6421719,0,,0.379999995,16093,1,333.3999939
3695457642,2020-06-29,Cool down walk,Walk,3084,3.48,10,3084,3022,3487.199951,2.599999905,1.153937817,23.0320282,30.13199997,329.2000122,338.3999939,15.10000038,-0.203601748,116.1391296,168,10,,2,27.15999985,27.78000069,16.79000092,0.529999971,1013.799988,2.880000114,4.889999866,26,0,6421719,0,,0.379999995,16093,1,333.3999939
3695455259,2020-06-30,Evening Run,Run,1038,3.01,53,1038,1030,3016.100098,4.800000191,2.928252459,12.59026527,13.79026508,330.1000061,341.8999939,8.199999809,-0.03978648,172.3212891,204,53,3029.5,1,26.79000092,27.44000053,16.67000008,0.540000021,1014.099976,2.160000086,3.059999943,116,0,6421719,0,,0.200000003,16093,1,322.7999878
3699839934,2020-07-01,Afternoon Run,Run,1118,3.11,53,1118,1113,3109.800049,4.400000095,2.794070005,11.2957859,13.69579983,334,349,7.699999809,-0.077175379,168.9742889,207,53,3114.100098,2,29.53000069,29.94000053,16.95000076,0.469999999,1013.400024,2.640000105,4.159999847,38,0,6421719,0,,0.330000013,16093,6,309.6000061
3705215424,2020-07-02,Evening Run,Run,1123,3.4,63,1123,1123,3403.600098,4.599999905,3.030810356,13.87013912,14.67010021,330.1000061,344.2000122,13.30000019,-0.023504525,174.1408539,219,63,3421.699951,1,29.38999939,30.65999985,18.94000053,0.529999971,1013.099976,5.25,8.460000038,326,0,6421719,0,,0.109999999,16093,1,307.2000122
3709577236,2020-07-03,Evening Run,Run,1227,3.46,61,1227,1135,3468.100098,4.300000191,3.055594683,16.03978157,19.73978043,331.8999939,349,17.29999924,-0.106686659,172.5027008,236,61,3494.100098,1,28.36000061,30.65999985,21.14999962,0.649999976,1013.099976,4.800000191,7.329999924,340,0,6421719,0,,0.180000007,16093,1,309.8999939
3719862809,2020-07-05,Evening Run,Run,1231,3.44,44,1231,1214,3445.199951,4.099999905,2.83789134,15.3973856,14.29740047,330.1000061,345.6000061,15.19999981,0.03192848,162.5113983,218,44,3465.5,1,29.67000008,29.67000008,14.21000004,0.389999986,1014.400024,2.440000057,3.00999999,343,0,6421719,0,,0.289999992,16093,1,311.5
3724423827,2020-07-06,Evening Run,Run,1475,4.12,65,1475,1443,4126,5,2.859320879,18.84117699,21.84117699,330.1000061,349.1000061,8.699999809,-0.07270965,166.0746002,263,65,4139.200195,1,28.60000038,29.68000031,18.57999992,0.550000012,1015.299988,3.289999962,5.110000134,132,0,6421719,0,,0.300000012,16093,1,304
3734258714,2020-07-08,Evening Run,Run,1029,3.11,50,1029,1015,3115.300049,4.800000191,3.069261074,14.57337666,16.5733757,330.1000061,341.7999878,14.39999962,-0.064199276,170.4660034,197,50,3144.800049,1,30.38999939,33.52999878,21.68000031,0.600000024,1011.700012,2.519999981,3.680000067,268,0,6421719,0,,0.300000012,16093,1,298.5
3739006022,2020-07-09,Evening Run,Run,1211,3.48,60,1211,1166,3488.199951,4.400000095,2.991595268,17.62678528,17.42678642,330.1000061,345.6000061,5.400000095,0.005733616,171.0163269,223,60,3503.600098,2,31.26000023,34.09999847,21.07999992,0.550000012,1011.599976,2.279999971,3.609999895,216,0,6421719,0,,0.430000007,16093,1,298.5
3748367329,2020-07-11,Evening Run,Run,1120,3.27,52,1120,1120,3273.199951,4.400000095,2.922499895,15.08522034,16.18522072,329.2000122,342.3999939,31.5,-0.033606257,167.9740906,210,52,3319.699951,2,24.04999924,24.21999931,17.21999931,0.660000026,1005.299988,6.599999905,11.46000004,310,0,6421719,0,,0.49000001,16093,1,310.2999878
3762536145,2020-07-14,Afternoon Run,Run,1174,3.55,68,1174,1160,3550.899902,6.300000191,3.061120749,18.29176521,20.49180031,330.7000122,349,22,-0.061956123,175.3240509,230,68,3586.800049,1,24.73999977,24.85000038,16.57999992,0.600000024,1017.799988,1.139999986,2.039999962,354,0,6421719,0,,0.25,16093,8,305.7000122
3768599223,2020-07-15,Evening Run,Run,981,2.97,57,981,974,2972.699951,5.300000191,3.052053452,13.31651974,14.41651917,330.1000061,342.5,9.100000381,-0.037003398,176.0597687,187,57,2982.800049,1,27.23999977,27.98999977,17.34000015,0.550000012,1018.400024,3.970000029,5.199999809,161,0,6421719,0,,0.289999992,16093,1,290.2999878
3773312681,2020-07-16,Evening Run,Run,1020,2.99,45,1020,1013,2993.100098,4.599999905,2.954689026,13.00734234,10.70730019,330.1000061,341.7999878,24.60000038,0.076843403,166.2588348,188,45,3044.199951,2,25.51000023,26.23999977,22.12999916,0.819999993,1013.799988,2.75,4.519999981,195,0,6421719,0,,0.600000024,16093,1,299
3777746576,2020-07-18,Evening Run,Run,1360,3.78,64,1360,1345,3782.899902,4.099999905,2.812565088,15.58811951,17.08810043,330.3999939,349.1000061,17.29999924,-0.03965212,168.9029388,246,64,3825.300049,1,26.77000046,27.60000038,17.5,0.569999993,1018.099976,3.109999895,5.789999962,269,0,6421719,0,,0.02,16093,0,308.1000061
3788363183,2020-07-20,Evening Run,Run,1212,3.45,52,1212,1208,3454.899902,5.199999809,2.860016584,15.34000015,15.43999958,330.2000122,345.6000061,12.69999981,-0.00289444,166.5501709,214,52,3470.899902,2,24.20999908,24.95000076,21.88999939,0.870000005,1006.900024,5.380000114,12.47999954,249,0,6591411,0,,0.75,16093,0,285.7999878
3793023051,2020-07-21,Evening Run,Run,1174,3.35,46,1174,1168,3353.899902,4.800000191,2.871489763,14.69813251,16.19813347,329.2000122,342.5,22.5,-0.044724051,163.7959595,203,46,3391.199951,1,22.37000084,22.40999985,15.96000004,0.670000017,1014.5,3.980000019,6.809999943,321,0,6591411,0,,0.059999999,16093,0,299.7000122
3798389937,2020-07-22,Evening Run,Run,1124,3.32,55,1124,1117,3323.300049,4.199999809,2.975201368,13.13714314,15.13714314,329.2999878,346,8.800000191,-0.060181145,169.6332703,209,55,3342.100098,2,24.95999908,25.20000076,17.82999992,0.649999976,1016.099976,0.810000002,1.620000005,202,0,6591411,0,,0.419999987,16093,0,301.7999878
3803448766,2020-07-23,Evening Run,Run,1091,3.25,54,1091,1071,3257.600098,5.400000095,3.041643381,21.30144501,22.40144539,329.2000122,346,12.19999981,-0.03376719,171.3894348,206,54,3294.899902,2,23.62000084,24.26000023,20.93000031,0.850000024,1013.099976,2.650000095,5.090000153,258,0.051199999,6591411,0.180000007,5,0.430000007,16093,0,310.8999939
3809503820,2020-07-25,Evening Run,Run,1099,3,53,1099,1058,3004.5,4.5,2.839792013,19.46727753,20.26729965,331.7999878,346.1000061,16.10000038,-0.026626727,170.4642792,191,53,3029.399902,2,25.70999908,25.88999939,17.29000092,0.600000024,1018.799988,1.49000001,2.230000019,58,0,6591411,0,,0.460000008,16093,0,317
3812979423,2020-07-26,Evening Run,Run,1208,3.51,39,1208,1203,3510,4.199999809,2.917705774,19.24993706,16.44993782,330.1000061,345.6000061,26.5,0.079772078,160.5911407,215,39,3539.199951,2,25.01000023,25.06999969,16.09000015,0.579999983,1017.599976,3.049999952,4.849999905,266,0,6591411,0,,0.449999988,16093,0,296.2999878
3816919009,2020-07-26,Evening Run,Run,1287,3.74,57,1287,1279,3748.199951,5.099999905,2.930570841,17.58428192,18.18429947,330.1000061,345.6000061,8,-0.016007684,167.4385376,233,57,3766,1,29,31.12000084,20.60000038,0.610000014,1012.400024,4.929999828,7.96999979,235,0,6591411,0,,0.300000012,16093,1,295
3835855588,2020-07-29,Evening Run,Run,1263,3.72,60,1263,1263,3720.699951,4.800000191,2.945922375,18.42672729,19.92670059,330.1000061,345.2000122,8.800000191,-0.040314995,168.6881866,233,60,3732.800049,1,25.17000008,25.27000046,16.45000076,0.579999983,1010.5,3.710000038,6.059999943,290,0,6591411,0,,0.119999997,16093,1,321
3844603433,2020-07-31,Afternoon Run,Run,1018,2.88,57,1018,1018,2886.600098,4.699999809,2.835559845,13.67176056,14.37180042,330.1000061,342.2000122,14.10000038,-0.024249982,174.3504791,183,57,2908.199951,1,26.73999977,27.04000092,14.59000015,0.469999999,1013.5,1.840000033,2.420000076,55,0,6591411,0,,0.170000002,16093,8,306.5
3860725640,2020-08-03,Evening Run,Run,1174,3.46,52,1174,1174,3460.600098,4.300000191,2.947700262,44.88684464,44.78680038,284.7999878,316.3999939,25,0.002889672,166.7236481,225,52,3561,2,22.04999924,22.21999931,17.09000015,0.74000001,1014.299988,2.25999999,3.619999886,184,0,6591411,0,,0.460000008,16093,1,302.2999878
3870885782,2020-08-05,Evening Run,Run,1446,4.15,69,1446,1378,4152.899902,4.800000191,3.013715506,18.8427639,19.24279976,330.1000061,349.1000061,10.30000019,-0.009631824,171.1710968,257,69,4170.299805,1,19.87999916,19.87999916,10.22000027,0.540000021,1019,4.179999828,7.190000057,279,0,6591411,0,,0.129999995,16093,1,300.7999878
3875231774,2020-08-06,Afternoon Run,Run,1239,3.44,51,1239,1236,3446.699951,4.5,2.788592339,17.24614143,20.44614029,330.1000061,341.7999878,12.5,-0.09284243,165.4933929,213,51,3468.5,1,24.59000015,24.59000015,12.56000042,0.469999999,1019.900024,1.090000033,1.440000057,43,0,6591411,0,,0.25,16093,5,310.6000061
3885033178,2020-08-08,Evening Run,Run,1114,3.06,38,1114,1111,3060.300049,4.099999905,2.75454545,34.60906219,34.40909958,284.7999878,308,7.400000095,0.006535307,162.9785309,196,38,3111.5,1,27.34000015,27.70999908,15.84000015,0.49000001,1019.799988,2.650000095,3.319999933,247,0,6591411,0,,0.239999995,16093,2,294.8999939
3894893356,2020-08-10,Evening Run,Run,1183,3.49,55,1183,1169,3489.5,4.599999905,2.985029936,15.37960529,17.17960548,330.1000061,345.6000061,4.900000095,-0.05158332,169.6164246,215,55,3501.899902,1,27.53000069,29.37000084,20.63999939,0.660000026,1012.700012,4.630000114,8.079999924,210,0,6591411,0,,0.109999999,16093,1,295.5
3899984198,2020-08-11,Evening Run,Run,1517,4.19,42,1517,1465,4191,5.199999809,2.860750914,18.83333397,18.53333282,330.1000061,349.1000061,17.20000076,0.007158196,157.1399841,252,42,4213,1,23.55999947,23.55999947,15.51000023,0.610000014,1014,4.329999924,6.570000172,309,0,6591411,0,,0.059999999,16093,0,297.8999939
3908770274,2020-08-13,Afternoon Run,Run,1120,3.33,54,1120,1120,3332.899902,4.699999809,2.975803614,39.46905518,39.8690567,284.7999878,326.1000061,20.29999924,-0.01200156,169.8517761,209,54,3412.600098,1,29.61000061,29.61000061,15.35000038,0.419999987,1019.700012,3.529999971,3.670000076,98,0,6591411,0,,0.029999999,16093,7,296.1000061
3913888350,2020-08-14,Evening Run,Run,1236,3.47,45,1236,1192,3469.100098,4.800000191,2.910318851,15.3879261,15.48792553,330.1000061,345.6000061,38.09999847,-0.002882592,163.1152191,210,45,3485.5,1,25.25,25.25,14.22999954,0.5,1018.200012,3.859999895,5.449999809,101,0,6591411,0,,0,16093,0,290.8999939
3923998999,2020-08-16,Evening Run,Run,786,2.26,27,786,783,2264.600098,4.099999905,2.89220953,32.02750015,32.12749863,293.7999878,326.1000061,19,-0.004415791,162.3346558,148,27,2337.699951,2,21.42000008,21.54999924,16.55999947,0.74000001,1012.799988,2.900000095,5.010000229,329,0,6591411,0,,0.449999988,16093,0,320.8999939
3932992925,2020-08-18,Afternoon Run,Run,1165,3.32,59,1165,1161,3328.600098,4.5,2.867011309,39.41055679,39.61055756,284.7999878,326.1000061,16.20000076,-0.006008532,171.4620361,215,59,3408.800049,2,22.52000046,22.52000046,14.26000023,0.600000024,1013.599976,5.889999866,7.510000229,316,0,6591411,0,,0.340000004,16093,4,316.7000122
3943161336,2020-08-21,Evening Run,Run,1059,3.06,52,1059,1056,3064.800049,4.300000191,2.902272701,15.34662819,14.24662781,330.1000061,342.3999939,21.60000038,0.035891414,169.7991943,198,52,3108.300049,1,21.36000061,21.36000061,13.43000031,0.610000014,1014,4.449999809,8.340000153,218,0,6591411,0,,0.029999999,16093,0,306.5
3951523455,2020-08-22,Afternoon Run,Run,1185,3.43,48,1185,1182,3431.800049,4.5,2.903384209,15.38819408,16.38820076,330.1000061,345.6000061,5.300000191,-0.029139226,163.4807587,213,48,3443.699951,1,28.85000038,29.04000092,16.11000061,0.460000008,1013.200012,3.75999999,4.360000134,271,0,6591411,0,,0.109999999,16093,3,300
3956556083,2020-08-23,Afternoon Tennis ðŸŽ¾,Workout,5089,0,43,5089,5089,0,0,0,0,,,,0,0,130.3729553,498,43,,,,,,,,,,,,,,,,,,
3961491478,2020-08-25,Evening Run,Run,1151,3.31,56,1151,1147,3313.600098,4.5,2.888927698,39.99250793,39.79250717,284.7999878,326.1000061,17.20000076,0.006035732,169.1685028,210,56,3394.100098,2,25.65999985,26.20999908,20.63999939,0.74000001,1012,3.730000019,7.139999866,238,0,6591411,0,,0.319999993,16093,0,296.7000122
3966229388,2020-08-25,Evening Walk,Walk,3075,4.06,8,3075,3054,4061.600098,2.799999952,1.329927921,18.87928009,18.47929955,330.1000061,349.1000061,9.100000381,0.009848336,104.668541,201,8,,1,23.21999931,23.21999931,13.56000042,0.550000012,1015.5,5.130000114,9.119999886,321,0,6591411,0,,0.039999999,16093,0,294.8999939
3989212757,2020-08-30,Evening Run,Run,1481,4.18,57,1481,1457,4185.5,4.599999905,2.872683525,18.84375,20.64380074,330.1000061,349.1000061,8.699999809,-0.043005615,163.038681,259,57,4199.600098,2,20.11000061,20.11000061,12.71000004,0.620000005,1012.200012,1.679999948,2.380000114,25,0,6591411,0,,0.540000021,16093,0,303.2000122
3998595591,2020-09-01,Evening Run,Run,1260,3.43,65,1260,1253,3436.199951,4.800000191,2.742378235,15.41260529,15.01259995,330.1000061,345.6000061,6.5,0.011640766,170.8913269,216,65,3452.600098,2,24.29999924,24.53000069,17.75,0.670000017,1011.5,4.03000021,6.079999924,189,0,6591411,0,,0.519999981,16093,0,293.2000122
4012369798,2020-09-04,Evening Run,Run,1225,3.44,61,1225,1204,3448,4.599999905,2.863787413,15.38660145,16.88660049,330.1000061,345.6000061,16.70000076,-0.043503482,172.2590942,224,61,3462.5,1,17.95000076,17.95000076,8.699999809,0.550000012,1017.299988,4.349999905,8.729999542,218,0,6591411,0,,0.039999999,16093,0,332.6000061
4017840393,2020-09-05,Evening Run,Run,1065,3.14,57,1065,1062,3146.399902,4.400000095,2.962711811,29.66708946,31.06710052,293.1000061,311.3999939,19,-0.044495296,170.462265,205,57,3190.300049,2,16,16,11.10000038,0.730000019,1020.700012,3.220000029,5.78000021,262,0,6591411,0,,0.699999988,16093,0,316.2999878
4027677473,2020-09-07,Evening Run,Run,1177,3.46,51,1177,1174,3467.399902,5.099999905,2.953492403,15.40690804,16.1069088,330.1000061,345.6000061,5.5,-0.020188037,166.7114716,211,51,3479.399902,2,18.20000076,18.20000076,13.81000042,0.75999999,1012.599976,3.720000029,6.289999962,344,0,6591411,0,,0.720000029,16093,0,295.7999878
4037194427,2020-09-09,Evening Run,Run,1258,3.44,54,1258,1191,3439.699951,4.699999809,2.888077259,15.38128662,17.08128738,330.1000061,345.6000061,5.5,-0.049422916,168.1093292,219,54,3450.5,2,19.13999939,19.20000076,15.60999966,0.800000012,1024.900024,2.170000076,2.569999933,95,0,6591411,0,,0.5,16093,0,274
4050749716,2020-09-12,Afternoon Run,Run,723,2.06,24,723,720,2066.100098,4.199999809,2.869583368,17.38381004,16.68379974,293.1000061,310.7999878,7.400000095,0.033880256,161.280777,133,24,2089,2,23.04000092,23.04000092,15.07999992,0.610000014,1017.099976,4.78000021,7.139999866,122,0,6591411,0,,0.330000013,16093,3,272.7999878
4056307192,2020-09-13,Afternoon Ride,Ride,2457,7.41,20,2457,2187,7413.399902,6.800000191,3.389757633,56.93741608,61.33739853,276.6000061,307.1000061,28.60000038,-0.059351984,133.206604,136,20,,1,21.23999977,21.23999977,15.18000031,0.680000007,1014.700012,6.820000172,10.10000038,288,0,,0,,0.150000006,16093,2,285.7999878
4060858226,2020-09-14,Evening Run,Run,1675,4.18,64,1675,1343,4184.100098,5.199999809,3.115487814,18.83124924,19.43120003,330.1000061,349.1000061,13.80000019,-0.014340001,169.0345154,264,64,4203.600098,1,13.85999966,13.85999966,6.230000019,0.600000024,1027.5,2.980000019,4.300000191,353,0,6591411,0,,0.01,16093,0,291.7000122
4066420508,2020-09-15,Evening Run,Run,1250,3.45,50,1250,1250,3450,4.199999809,2.75999999,0,,,,0,0,164.2015991,216,50,,,,,,,,,,,,6591411,,,,,,
4075501540,2020-09-17,Evening Run,Run,1167,3.16,49,1167,1164,3168.699951,4.199999809,2.722250938,35.56138229,38.46138,284.7999878,326.1000061,21.89999962,-0.091520183,166.7632751,205,49,3233.800049,2,15.82999992,15.82999992,8.029999733,0.600000024,1018.599976,3.700000048,5.590000153,29,0,6591411,0,,0.379999995,16093,0,298.6000061
4079587840,2020-09-18,Evening Run,Run,1275,3.38,44,1275,1162,3383.899902,4.199999809,2.912134171,15.38274479,16.08270073,330.1000061,345.6000061,7.699999809,-0.020686191,163.1955566,205,44,3397.800049,1,10.07999992,10.07999992,0.02,0.5,1026.699951,4.619999886,7.269999981,358,0,6591411,0,,0.090000004,16093,0,336.3999939
4084647790,2020-09-19,Evening Run,Run,1223,3.39,52,1223,1179,3395.800049,5.599999905,2.880237579,15.43094635,16.73089981,330.1000061,345.6000061,12.5,-0.038282584,167.3029175,215,52,3407.100098,1,11.56000042,11.56000042,2.150000095,0.519999981,1029.199951,1.269999981,1.889999986,121,0,6591411,0,,0.219999999,16093,0,323.6000061
4090145749,2020-09-20,Evening Run,Run,1191,3.45,51,1191,1164,3450.199951,5,2.964089394,17.41720581,18.11720085,330.2000122,345.6000061,17.39999962,-0.02028868,166.469696,208,51,3465.199951,1,12.14000034,12.14000034,3.480000019,0.550000012,1033.800049,3.430000067,5.559999943,107,0,6591411,0,,0,16093,0,294.8999939
4104015417,2020-09-23,Evening Run,Run,1194,3.37,64,1194,1183,3370.800049,4.699999809,2.84936595,42.74969482,43.64970016,293.1000061,322.5,16,-0.026699893,172.6858215,218,64,3444.800049,1,20.18000031,20.18000031,13.39000034,0.649999976,1014.700012,3.5,6.119999886,289,0,6591411,0,,0,16093,0,285.3999939
4108316445,2020-09-24,Evening Run,Run,1045,3,52,1045,1045,3002.600098,4.300000191,2.873301506,24.25393677,24.35393524,293.1000061,311.3999939,11.39999962,-0.003330447,169.9486694,198,52,3035.399902,2,21.21999931,21.37000084,16.69000053,0.75,1013.900024,2.460000038,4.239999771,228,0,6591411,0,,0.449999988,16093,0,303
4120823715,2020-09-27,Afternoon Run,Run,1416,3.64,61,1416,1277,3641,4.599999905,2.851213694,61.20995712,61.00999832,276.6000061,316.8999939,27.39999962,0.005492996,167.0649414,241,61,3808.800049,2,22.45000076,22.65999985,17.34000015,0.730000019,1008.099976,7.610000134,11.88000011,214,0,6591411,0,,0.50999999,16093,5,272.8999939
4125804892,2020-09-28,Evening Run,Run,1009,3.16,57,1009,1003,3168.800049,4.400000095,3.159322023,28.76327705,28.76329994,293.1000061,311.3999939,7.199999809,0,173.8977966,197,57,3208.699951,5,20.12999916,20.37000084,17.15999985,0.829999983,1002.799988,5.889999866,13.02999973,212,1.167600036,6591411,1,5,0.810000002,14775,0,276.2000122
4139394537,2020-10-01,Evening Run,Run,999,3.01,44,999,996,3010.800049,5.5,3.022891521,24.11666679,24.2166996,293.1000061,311.3999939,7.5,-0.003321376,166.761322,191,44,3043.399902,2,11.85999966,11.85999966,6.610000134,0.699999988,1012.400024,3.289999962,5.079999924,237,0,6591411,0,,0.680000007,16093,0,338.7999878
4156471894,2020-10-05,Evening Run,Run,1163,3.27,53,1163,1127,3275.300049,4.599999905,2.906211138,25.10297012,27.70299911,293.1000061,311.3999939,17.39999962,-0.07938204,169.046875,206,53,3311.199951,1,10.85000038,10.85000038,6.800000191,0.75999999,1019.5,3.50999999,6.28000021,208,0,6591411,0,,0.189999998,16093,0,281.7000122
4165116422,2020-10-07,Afternoon Run,Run,1160,3.43,48,1160,1160,3433,4.400000095,2.95948267,28.21776009,28.71776009,293.1000061,311.3999939,8.899999619,-0.014564521,166.1858368,215,48,3473.399902,1,15.21000004,15.21000004,9.18999958,0.670000017,1007.299988,9.199999809,15.40999985,301,0,6591411,0,,0.25999999,16093,2,274.7000122
4169771769,2020-10-08,Evening Run,Run,1122,3.4,53,1122,1119,3403.600098,4.800000191,3.041644335,29.8673954,28.96739578,293.1000061,311.3999939,9.699999809,0.026442591,169.5873108,215,53,3448.600098,1,11.86999989,11.86999989,7.650000095,0.75,1019.099976,3.390000105,4.579999924,306,0.034299999,6591411,0.02,5,0.129999995,16093,0,275.2999878
4181833620,2020-10-11,Lunch Run,Run,1516,3.67,58,1516,1242,3669,5.300000191,2.954106331,60.914814,60.81480026,276.6000061,316.8999939,34.40000153,0.002725538,168.4847717,240,58,3847,2,8.100000381,4.650000095,5.940000057,0.860000014,1022.599976,6.53000021,10.47000027,81,0,6591411,0,,0.850000024,16093,2,272
4199899324,2020-10-15,Afternoon Run,Run,1033,2.84,33,1033,1021,2847,4.699999809,2.788442612,21.53377151,22.03380013,293.1000061,311.3999939,8,-0.017562347,160.27565,176,33,2874.699951,5,10.81000042,10.81000042,7.71999979,0.810000002,1010,6.260000229,11,256,0.297899991,6591411,1,5,0.910000026,16093,1,295.8999939
4203595900,2020-10-16,Afternoon Run,Run,1235,3.32,54,1235,1110,3320.699951,5,2.991621733,55.78069687,54.78070068,276.6000061,316.8999939,44.29999924,0.030114133,170.3701172,217,54,3488,1,10.65999985,10.65999985,-2.069999933,0.409999996,1020.400024,4.980000019,7.820000172,264,0,6591411,0,,0.140000001,16093,2,339.1000061
4213303944,2020-10-18,Afternoon Run,Run,1819,4.68,73,1819,1572,4680.700195,6.099999905,2.977544546,22.35176086,22.25180054,324.2000122,343.3999939,15.80000019,0.002136433,168.0744019,283,73,4707.700195,2,12.34000015,12.34000015,5.539999962,0.629999995,1019.400024,7.039999962,11.77999973,190,0,6591411,0,,0.839999974,16093,2,318.1000061
4222176462,2020-10-20,Evening Run,Run,1652,4.51,70,1652,1561,4517,4.800000191,2.893657923,25.69548798,26.19548798,324.2000122,345.2999878,9.800000191,-0.011069294,168.1737671,281,70,4548.200195,2,9.069999695,6.619999886,5.070000172,0.75999999,1025.699951,4.519999981,6.989999771,94,0,6591411,0,,0.790000021,16093,0,310.3999939
4234410961,2020-10-23,Afternoon Run,Run,2378,6.15,86,2378,2156,6152.899902,6.699999809,2.853849649,13.90977097,14.00979996,324.2999878,330.8999939,6.099999905,-0.00162525,158.9450989,381,86,6166.600098,5,20.27000046,20.55999947,17.60000038,0.850000024,1008.700012,8.5,16.86000061,200,0.0678,6591411,0.790000021,5,0.370000005,16093,0,294
4238311492,2020-10-24,Afternoon Run,Run,2299,5.77,87,2299,1895,5773.399902,7.900000095,3.046648979,9.783809662,9.483810425,324.2999878,330.6000061,17.60000038,0.005196245,168.8251801,338,87,5788.5,2,6.639999866,3.900000095,1.289999962,0.689999998,1022.599976,3.960000038,5.230000019,340,0,6591411,0,,0.790000021,16093,2,315.3999939
4243174207,2020-10-25,Lunch Walk,Walk,3346,4.19,10,3346,3281,4195.600098,2.299999952,1.278756499,54.4864769,51.58649826,277.6000061,313,26.10000038,0.069120027,108.9553909,213,10,,2,5.460000038,2.160000086,1.179999948,0.74000001,1025.900024,4.480000019,6.599999905,91,0,6591411,0,,0.74000001,16093,2,307.2999878
4252049595,2020-10-27,Evening Run,Run,1972,4.86,68,1972,1535,4864.899902,5.900000095,3.169316053,12.86415005,12.56414986,324.2999878,332.2000122,6.400000095,0.006166622,166.9502258,292,68,4874.600098,2,2.869999886,-0.310000002,1.110000014,0.879999995,1022.799988,3.329999924,6.130000114,317,0,6591411,0,,0.829999983,12742,0,294.7000122
4256334107,2020-10-28,Evening Run,Run,1648,4.53,71,1648,1565,4529.799805,4.5,2.894440889,23.38137245,23.1814003,324.2999878,345.8999939,11.19999981,0.004415206,167.6614838,285,71,4556.899902,1,8.670000076,5.789999962,0.879999995,0.579999983,1014.299988,5.360000134,10.26000023,255,0,6591411,0,,0.039999999,16093,0,271
4263985022,2020-10-30,Evening Run,Run,2440,6.05,75,2440,2082,6057.799805,5.599999905,2.909606218,11.95103645,12.05103683,324.2999878,330.8999939,6.300000191,-0.001650764,160.6928101,367,75,6070.700195,2,1.789999962,-2.119999886,-2.730000019,0.720000029,1024.599976,4.059999943,6.019999981,327,0,6591411,0,,0.699999988,16093,0,288.1000061
4272866439,2020-11-01,Lunch Run,Run,2363,5.85,100,2363,1883,5854.5,6.900000095,3.109134436,10.95625019,11.25629997,324.2999878,330.7000122,6.900000095,-0.005124263,173.1660309,361,100,5867.399902,2,4.539999962,-1.059999943,1.980000019,0.839999974,1005.400024,10.11999989,15.56999969,273,0,6591411,0,,0.870000005,14282,2,316.5
4287405758,2020-11-04,Afternoon Run,Run,1913,5.01,94,1913,1698,5010.299805,4.400000095,2.95070672,23.67368507,23.37369919,324.5,348.2000122,6.900000095,0.005987666,173.5048828,333,94,5036.100098,1,13.97000027,13.97000027,7.070000172,0.629999995,1020.799988,6.96999979,14.31999969,214,0,6591411,0,,0,16093,0,289
4303731606,2020-11-07,Lunch Run,Run,2139,5.96,134,2139,1991,5963,4.599999905,2.994977474,11.11612701,11.11610031,324.2999878,330.8999939,7,0,184.5709686,378,134,5977.799805,2,16.81999969,16.81999969,9.159999847,0.610000014,1022.5,5.739999771,10.59000015,233,0,6591411,0,,0.810000002,16093,2,253.3000031
4309594330,2020-11-08,Lunch Run,Run,2020,5.06,65,2020,1823,5062.899902,5.699999809,2.77723527,9.556249619,9.556249619,324.2999878,329.8999939,12.5,0,162.7601471,298,65,5077.799805,1,17.27000046,17.27000046,8.68999958,0.569999993,1027.300049,2.569999933,3.650000095,218,0,6591411,0,,0,16093,3,240.3999939
4325016453,2020-11-11,Evening Run,Run,1780,4.67,45,1780,1528,4676.5,5,3.060536623,16.22284508,17.42280006,326.3999939,343.7999878,10,-0.025660217,158.3139496,287,45,4686.700195,1,5.820000172,2.380000114,-0.200000003,0.649999976,1016.099976,4.960000038,8.729999542,300,0,6591411,0,,0.170000002,16093,0,272
4337530075,2020-11-14,Lunch Run,Run,1099,3.14,54,1099,1099,3143.399902,4.400000095,2.860236645,22.69000053,22.38999939,294.1000061,317.1000061,9.199999809,0.009543806,170.6900177,203,54,3173.699951,1,3.470000029,0.899999976,-2.130000114,0.670000017,1023.599976,2.710000038,3.700000048,252,0,6591411,0,,0.059999999,16093,2,306.6000061
4342638899,2020-11-15,Morning Run,Run,1014,2.96,54,1014,941,2965.300049,6,3.151221991,6.225833416,4.125830173,324.2999878,330.7000122,5.800000191,0.070819139,175.2775269,179,54,2973.100098,5,7.369999886,2.930000067,6.559999943,0.949999988,998.4000244,9.199999809,18.53000069,174,1.212000012,6591411,1,5,1,5280,1,280.8999939
4342639015,2020-11-15,Morning Run,Run,1042,2.87,60,1042,993,2877.199951,4.900000095,2.897482395,4.599999905,6.900000095,324.5,330.7000122,4.900000095,-0.079938829,177.6791077,174,60,2881.899902,5,7.369999886,2.930000067,6.559999943,0.949999988,998.4000244,9.199999809,18.53000069,174,1.212000012,6591411,1,5,1,5280,1,280.8999939
4358167807,2020-11-18,Evening Run,Run,2562,6.33,104,2562,2029,6335,5.400000095,3.122227669,43.0472641,42.14730072,324.7000122,339.5,7.900000095,0.014206788,172.5255432,392,104,6398.100098,2,-1.110000014,-4.590000153,-4.119999886,0.800000012,1032,2.74000001,4.320000172,199,0,6591411,0,,0.319999993,16093,0,295.2000122
4366824328,2020-11-21,Evening Run,Run,1628,4.24,53,1628,1494,4241.700195,5.099999905,2.839156628,21.95096779,21.25099945,324.2000122,334.7000122,8.800000191,0.016502818,162.433197,260,53,4273.200195,1,10.22999954,10.22999954,7.420000076,0.829999983,1023.299988,4.760000229,8.770000458,274,0,6591411,0,,0.280000001,16093,0,260.5
4376290699,2020-11-22,Lunch Run,Run,1922,4.59,69,1922,1521,4596.299805,5.300000191,3.021893501,20.78529358,20.58530045,324.6000061,345.6000061,7.900000095,0.004351326,167.4568634,274,69,4620.299805,6,0.289999992,-4.46999979,-1.429999948,0.879999995,1026.900024,4.849999905,9.640000343,94,0.358500004,6591411,1,6,1,741,1,284.7000122
4404093763,2020-11-28,Afternoon Run,Run,2143,5.81,117,2143,1968,5816.200195,4.5,2.955386162,10.9352169,11.33520031,324.2999878,330.7999878,5.300000191,-0.006877343,176.927124,365,117,5828.600098,1,4.53000021,0.349999994,-2.319999933,0.610000014,1017,5.880000114,9.920000076,252,0,6591411,0,,0.119999997,16093,0,277.7000122
4434559858,2020-12-05,Afternoon Run,Run,1972,5.1,80,1972,1752,5108,6.300000191,2.915525198,9.77444458,9.574440002,324.2999878,329.7999878,5.400000095,0.003915427,167.760849,311,80,5121.200195,2,-1.370000005,-6.909999847,-4.329999924,0.800000012,1017.700012,5.46999979,7.599999905,344,0,6591411,0,,0.769999981,16093,1,264.7000122
4463478246,2020-12-12,Lunch Run,Run,2212,5.87,108,2212,2086,5872.299805,4.400000095,2.81510067,11.00196934,11.20199966,324.2999878,330.7999878,5.300000191,-0.003405821,172.1387787,370,108,5885.299805,3,2.339999914,-2.99000001,2.339999914,1,1010.700012,7.210000038,12.65999985,100,0,6591411,0,,1,4032,1,277.2000122
4492646985,2020-12-19,Afternoon Run,Run,1554,3.74,50,1554,1320,3741.100098,6.900000095,2.834166765,10.05555534,10.45559978,324.6000061,332.2000122,7.699999809,-0.010692042,163.1549683,230,50,3746.600098,6,0.689999998,-4.320000172,-1.149999976,0.870000005,1021,5.5,10.10000038,179,0.202399999,6591411,1,6,0.99000001,16093,1,285.6000061
4509837442,2020-12-23,Afternoon Run,Run,1888,5.04,87,1888,1778,5042.200195,4.699999809,2.835882902,10.00495338,10.00495338,324.2999878,329.8999939,7.099999905,0,171.4563599,311,87,5054.600098,3,6.46999979,2.430000067,-2.210000038,0.540000021,1013.5,6.889999866,14.34000015,163,0,6591411,0,,0.910000026,16093,0,281.5
4513288770,2020-12-24,Lunch Activity,Yoga,1914,0,5,1914,1914,0,0,0,0,,,,0,0,110.5088806,170,5,,,,,,,,,,,,,,,,,,
4520915128,2020-12-26,Lunch Activity,Yoga,2632,0,9,2632,2632,0,0,0,0,,,,0,0,114.1489334,237,9,,,,,,,,,,,,,,,,,,